project_id,"Crop Management, Technology, R&D",Livestock Management & Technologies,Forestry Management & Technologies,Aquaculture Management & Technologies,Ecosystem services,Advisory and extension,Markets & finance,Food processing & storage,Behavior communication change & social programs,Policy & Regulatory,Public health,Rural/public infrastructure
P126773,0,0,0,0,0,0,0,1,0,1,0,0
P147674,0,1,0,0,1,0,1,1,0,0,0,0
P149553,0,1,0,0,0,0,1,0,0,1,0,0
P151058,0,0,0,0,0,1,1,1,0,1,0,1
P153613,0,1,0,0,0,0,1,0,0,1,0,0
P154784,1,1,0,1,0,1,1,1,1,1,1,1
P154908,0,1,0,0,0,1,1,0,1,0,1,0
P155412,0,1,0,0,0,0,1,0,1,1,0,0
P155541,0,1,0,0,0,0,0,0,0,0,0,0
P157127,0,0,1,0,1,0,1,0,0,0,0,1
P157282,0,0,0,0,0,1,0,0,0,0,0,1
P157997,0,1,0,0,0,1,1,1,0,1,1,1
P158522,1,1,0,1,0,1,1,1,1,1,1,1
P158710,0,1,0,0,1,1,1,1,1,1,1,1
P159037,0,1,0,0,0,1,0,0,0,0,0,1
P159040,0,0,0,0,0,1,0,0,0,0,1,0
P159382,0,1,0,0,0,1,1,0,0,1,1,1
P159476,0,1,0,0,0,1,1,0,0,1,1,0
P159637,0,1,0,1,0,0,1,1,0,1,0,0
P1603,0,1,0,0,0,0,1,0,0,1,0,0
P160613,1,0,0,0,1,0,0,0,0,1,0,0
P160641,0,1,0,0,0,0,1,0,0,1,1,0
P160865,0,1,0,0,1,1,1,1,0,1,1,1
P161163,0,0,0,0,0,1,0,0,0,0,1,0
P161246,0,1,0,0,0,1,1,1,1,0,1,0
P161304,0,1,1,0,1,0,0,0,0,1,0,0
P161392,0,1,0,0,1,1,1,1,0,0,0,1
P162178,0,0,0,0,0,0,0,0,1,1,1,0
P162659,0,1,0,0,0,1,0,1,0,0,0,1
P163081,0,1,0,0,1,1,1,0,1,0,0,1
P163444,0,1,0,0,0,1,0,0,0,1,0,0
P163559,0,0,0,0,0,0,0,0,0,0,0,0
P164424,0,0,0,0,0,0,1,1,0,1,1,0
P164509,0,0,0,0,0,1,1,0,0,1,1,0
P164584,0,1,0,0,0,1,1,1,0,1,0,0
P164602,0,1,0,0,0,1,0,0,0,1,0,0
P164696,0,0,0,0,0,0,0,0,0,0,1,0
P164967,1,1,0,0,0,0,0,1,0,1,1,1
P164967_PID,0,0,0,0,0,0,0,0,0,0,0,0
P165129,1,1,1,0,1,1,1,0,0,1,0,1
P165397,0,1,0,0,1,1,0,0,1,1,0,1
P165855,0,0,0,0,0,1,1,0,0,0,1,1
P165873,0,0,0,1,0,1,1,1,0,0,0,0
P165945,0,1,0,0,0,1,1,1,0,1,1,1
P166298,0,0,0,0,0,0,0,0,0,1,0,0
P166328,0,1,0,0,0,0,0,0,0,1,0,1
P166853,0,1,0,0,0,1,1,0,0,1,0,0
P167678,0,0,0,0,1,0,0,0,0,0,0,1
P167767,0,1,0,1,0,1,1,0,1,1,0,0
P167826,0,1,0,0,1,1,0,0,0,1,0,1
P167946,0,0,0,0,0,0,0,0,0,1,0,0
P169758,0,1,0,0,0,0,1,1,0,0,0,0
P170035,0,1,0,0,0,1,0,0,0,1,1,1
P170213,0,0,0,0,1,1,1,0,0,1,0,0
P170283,0,0,0,0,0,1,1,0,0,0,0,1
P170365,0,1,0,0,1,1,1,0,0,1,1,1
P170788,0,0,0,0,0,0,0,0,0,0,0,0
P170934,0,0,0,0,0,0,0,0,0,1,0,0
P171114,0,0,0,0,0,1,0,0,0,0,0,1
P171266,0,0,0,0,0,1,1,0,0,1,1,1
P171284,0,0,0,0,0,1,0,1,0,0,1,0
P171524,0,1,0,0,0,0,0,0,0,0,0,1
P171745,0,1,0,0,1,0,0,0,0,1,0,0
P172079,0,1,0,0,1,1,0,0,0,1,0,0
P173061,0,1,0,0,0,1,0,0,0,1,0,0
P173197,0,1,0,0,1,1,1,0,0,0,0,0
P173296,0,1,0,1,1,1,1,1,0,0,0,0
P173529,0,0,0,0,0,0,0,0,0,1,0,0
P173698,0,1,0,0,0,0,0,0,0,0,0,0
P173702,0,1,0,0,0,0,0,0,0,0,0,0
P173746,0,0,0,0,0,0,0,0,0,1,1,0
P174097,0,0,0,0,1,0,1,0,0,1,0,0
P174170,1,1,0,0,0,0,0,0,0,0,1,0
P174318,0,1,0,0,0,1,1,1,0,0,1,0
P174546,0,1,0,0,1,0,0,0,0,0,0,0
P174903,0,0,0,0,0,0,0,0,0,0,1,0
P175011,0,1,0,0,0,1,0,0,0,0,1,1
P176129,1,1,0,0,0,1,0,1,0,0,0,1
P176418,0,0,0,0,0,1,0,1,0,0,0,1
P176547,0,1,0,0,0,0,0,0,0,0,0,1
P177041,0,0,0,0,1,0,1,0,0,0,0,0
P177043,0,0,0,0,1,1,1,0,0,1,0,0
P177627,0,1,1,0,1,1,1,0,0,1,0,1
P177671,0,1,0,0,0,1,1,0,1,1,1,0
P177825,0,1,0,0,0,1,1,1,0,1,1,0
P178120,0,1,0,0,0,1,1,0,1,1,0,0
P178362,0,0,1,0,0,0,0,1,0,0,0,1
P178598,0,0,0,0,0,1,1,0,0,1,1,1
P178635,0,0,0,0,0,0,0,0,0,1,0,0
P178715,0,0,0,0,0,1,1,0,0,1,1,1
P178791,0,1,0,0,1,0,1,0,0,0,0,1
P178907,0,1,0,0,1,0,0,0,0,1,0,0
P178988,0,1,0,0,0,0,1,1,0,0,1,1
P179060,0,1,0,1,0,0,0,0,1,0,1,1
P179078,0,0,0,0,0,1,0,0,0,0,1,0
P179276,1,1,0,0,0,1,1,1,0,0,1,1
P179851,0,1,0,0,0,0,1,1,0,1,1,0
P179935,0,1,1,0,1,1,1,1,1,1,1,1
P180033,0,0,0,0,0,0,1,0,0,1,0,0
P180535,0,1,0,0,0,0,0,1,0,0,1,0
P181021,0,1,0,0,0,0,0,0,0,1,0,0
P181157,0,0,0,0,0,1,1,0,0,0,0,0
P181428,0,1,0,0,0,0,0,0,0,0,0,1
P181459,0,0,0,0,0,1,0,0,0,1,1,0
P181565,0,1,0,0,0,1,1,0,0,1,0,0
P504033,0,1,0,0,1,1,0,0,0,1,0,1
P505267,1,0,0,0,1,0,0,0,0,1,0,0
P505271,0,1,0,0,0,0,1,1,0,1,0,1
P507504,0,0,0,0,0,0,0,0,0,1,0,0
P508693,0,0,0,0,0,0,0,0,0,0,1,0
P509060,0,0,0,0,0,1,0,0,0,0,1,0
P509237,0,0,0,0,0,1,1,0,0,0,0,0
P509357,0,1,1,0,1,1,0,0,0,0,0,1
P509938,0,0,0,0,1,0,0,0,0,0,0,0
P512497,0,0,0,0,0,0,0,0,0,0,1,0
TBD,0,0,0,0,0,1,0,0,0,0,0,1
